dataset_partition,condition,shift_family,severity,method,accuracy,nll,brier,ece,mce,mean_confidence
test,clean,none,0.0,uncalibrated,0.9444444444444444,0.16192058477336982,0.07731375376471929,0.03780043063283417,0.5674039640829815,0.9482817961825971
test,clean,none,0.0,scalar_temperature,0.9444444444444444,0.16562638231352866,0.07708701572331644,0.03368842636560247,0.5615768607604334,0.9365883217569062
test,clean,none,0.0,adaptive_temperature,0.9444444444444444,0.1658473523061114,0.0764749416434266,0.03536205418307954,0.4973136733471495,0.9325872086256126
